
<cameraModelDB>
	<version>19</version>
	<rigs/>
	<cameras>
		<camera name="CanonEOS350DDIGITAL_18.0_2496x1664">
			<imageWidth>2496</imageWidth>
			<imageHeight>1664</imageHeight>
			<pixelSize>8.894071</pixelSize>
			<principalPointXmm>11.0998</principalPointXmm>
			<principalPointYmm>7.399867</principalPointYmm>
			<lensType>perspective</lensType>
			<focalLengthmm>18</focalLengthmm>
			<distortion>5</distortion>
			<radialK1>0</radialK1>
			<radialK2>0</radialK2>
			<radialK3>0</radialK3>
			<tangentialT1>0</tangentialT1>
			<tangentialT2>0</tangentialT2>
			<cameraModelSource>exif</cameraModelSource>
			<bandConfig>
				<band name="Red" centralWaveLength="660" width="0" weight="0.2126"/>
				<band name="Green" centralWaveLength="550" width="0" weight="0.7152"/>
				<band name="Blue" centralWaveLength="470" width="0" weight="0.0722"/>
			</bandConfig>
		</camera>
		<camera name="CanonEOS750D_EF-S18-55mmf/3.5-5.6ISII_18.0_2976x1984">
			<imageWidth>2976</imageWidth>
			<imageHeight>1984</imageHeight>
			<pixelSize>7.621707</pixelSize>
			<principalPointXmm>11.3411</principalPointXmm>
			<principalPointYmm>7.560734</principalPointYmm>
			<lensType>perspective</lensType>
			<focalLengthmm>18</focalLengthmm>
			<distortion>5</distortion>
			<radialK1>0</radialK1>
			<radialK2>0</radialK2>
			<radialK3>0</radialK3>
			<tangentialT1>0</tangentialT1>
			<tangentialT2>0</tangentialT2>
			<cameraModelSource>exif</cameraModelSource>
			<bandConfig>
				<band name="Red" centralWaveLength="660" width="0" weight="0.2126"/>
				<band name="Green" centralWaveLength="550" width="0" weight="0.7152"/>
				<band name="Blue" centralWaveLength="470" width="0" weight="0.0722"/>
			</bandConfig>
		</camera>
		<camera name="CanonEOS750D_EF-S18-55mmf/3.5-5.6ISII_18.0_3000x2000_Trial" serialNumber="303072016361/000039a041">
			<imageWidth>3000</imageWidth>
			<imageHeight>2000</imageHeight>
			<pixelSize>7.56073</pixelSize>
			<principalPointXmm>11.075335</principalPointXmm>
			<principalPointYmm>7.712323</principalPointYmm>
			<lensType>perspective</lensType>
			<focalLengthmm>18.7032802</focalLengthmm>
			<distortion>5</distortion>
			<radialK1>-0.173737</radialK1>
			<radialK2>0.166237</radialK2>
			<radialK3>-0.0206641</radialK3>
			<tangentialT1>0.0118562</tangentialT1>
			<tangentialT2>0.000396316</tangentialT2>
			<cameraModelSource>user</cameraModelSource>
			<bandConfig>
				<band name="Red" centralWaveLength="660" width="0" weight="0.2126"/>
				<band name="Green" centralWaveLength="550" width="0" weight="0.7152"/>
				<band name="Blue" centralWaveLength="470" width="0" weight="0.0722"/>
			</bandConfig>
		</camera>
		<camera name="CanonEOS750D_EF-S18-55mmf/3.5-5.6ISII_18.0_3984x2656">
			<imageWidth>3984</imageWidth>
			<imageHeight>2656</imageHeight>
			<pixelSize>5.693323</pixelSize>
			<principalPointXmm>11.3411</principalPointXmm>
			<principalPointYmm>7.560733</principalPointYmm>
			<lensType>perspective</lensType>
			<focalLengthmm>18</focalLengthmm>
			<distortion>5</distortion>
			<radialK1>0</radialK1>
			<radialK2>0</radialK2>
			<radialK3>0</radialK3>
			<tangentialT1>0</tangentialT1>
			<tangentialT2>0</tangentialT2>
			<cameraModelSource>exif</cameraModelSource>
			<bandConfig>
				<band name="Red" centralWaveLength="660" width="0" weight="0.2126"/>
				<band name="Green" centralWaveLength="550" width="0" weight="0.7152"/>
				<band name="Blue" centralWaveLength="470" width="0" weight="0.0722"/>
			</bandConfig>
		</camera>
		<camera name="CanonEOS750D_EF-S18-55mmf/3.5-5.6ISII_18.0_3984x2656 Optimized" serialNumber="303072016361/000039a041">
			<imageWidth>3984</imageWidth>
			<imageHeight>2656</imageHeight>
			<pixelSize>5.69332</pixelSize>
			<principalPointXmm>11.252847</principalPointXmm>
			<principalPointYmm>7.704599</principalPointYmm>
			<lensType>perspective</lensType>
			<focalLengthmm>18.7742351</focalLengthmm>
			<distortion>5</distortion>
			<radialK1>-0.171695</radialK1>
			<radialK2>0.165571</radialK2>
			<radialK3>-0.0210091</radialK3>
			<tangentialT1>0.00218256</tangentialT1>
			<tangentialT2>0.000973622</tangentialT2>
			<cameraModelSource>user</cameraModelSource>
			<bandConfig>
				<band name="Red" centralWaveLength="660" width="0" weight="0.2126"/>
				<band name="Green" centralWaveLength="550" width="0" weight="0.7152"/>
				<band name="Blue" centralWaveLength="470" width="0" weight="0.0722"/>
			</bandConfig>
		</camera>
		<camera name="CanonEOS750D_EF-S18-55mmf/3.5-5.6ISII_18.0_6000x4000">
			<imageWidth>6000</imageWidth>
			<imageHeight>4000</imageHeight>
			<pixelSize>3.780367</pixelSize>
			<principalPointXmm>11.3411</principalPointXmm>
			<principalPointYmm>7.560733</principalPointYmm>
			<lensType>perspective</lensType>
			<focalLengthmm>18</focalLengthmm>
			<distortion>5</distortion>
			<radialK1>0</radialK1>
			<radialK2>0</radialK2>
			<radialK3>0</radialK3>
			<tangentialT1>0</tangentialT1>
			<tangentialT2>0</tangentialT2>
			<cameraModelSource>exif</cameraModelSource>
			<bandConfig>
				<band name="Red" centralWaveLength="660" width="0" weight="0.2126"/>
				<band name="Green" centralWaveLength="550" width="0" weight="0.7152"/>
				<band name="Blue" centralWaveLength="470" width="0" weight="0.0722"/>
			</bandConfig>
			<bandConfig>
				<band name="Grayscale" centralWaveLength="0" width="0" weight="1"/>
			</bandConfig>
		</camera>
		<camera name="CanonEOS750D_EF-S18-55mmf/3.5-5.6ISII_18.0_6000x4000_Optimized" serialNumber="303072016361/000039a041">
			<imageWidth>6000</imageWidth>
			<imageHeight>4000</imageHeight>
			<pixelSize>3.78037</pixelSize>
			<principalPointXmm>11.075312</principalPointXmm>
			<principalPointYmm>7.712333</principalPointYmm>
			<lensType>perspective</lensType>
			<focalLengthmm>18.7033428</focalLengthmm>
			<distortion>5</distortion>
			<radialK1>-0.173737</radialK1>
			<radialK2>0.166237</radialK2>
			<radialK3>-0.0206641</radialK3>
			<tangentialT1>0.00185623</tangentialT1>
			<tangentialT2>0.000396316</tangentialT2>
			<cameraModelSource>user</cameraModelSource>
			<bandConfig>
				<band name="Red" centralWaveLength="660" width="0" weight="0.2126"/>
				<band name="Green" centralWaveLength="550" width="0" weight="0.7152"/>
				<band name="Blue" centralWaveLength="470" width="0" weight="0.0722"/>
			</bandConfig>
		</camera>
		<camera name="CanonEOS750D_EF-S18-55mmf/3.5-5.6ISII_20.0_3984x2656">
			<imageWidth>3984</imageWidth>
			<imageHeight>2656</imageHeight>
			<pixelSize>5.693323</pixelSize>
			<principalPointXmm>11.3411</principalPointXmm>
			<principalPointYmm>7.560733</principalPointYmm>
			<lensType>perspective</lensType>
			<focalLengthmm>20</focalLengthmm>
			<distortion>5</distortion>
			<radialK1>0</radialK1>
			<radialK2>0</radialK2>
			<radialK3>0</radialK3>
			<tangentialT1>0</tangentialT1>
			<tangentialT2>0</tangentialT2>
			<cameraModelSource>exif</cameraModelSource>
			<bandConfig>
				<band name="Red" centralWaveLength="660" width="0" weight="0.2126"/>
				<band name="Green" centralWaveLength="550" width="0" weight="0.7152"/>
				<band name="Blue" centralWaveLength="470" width="0" weight="0.0722"/>
			</bandConfig>
		</camera>
		<camera name="Chapter3reference" serialNumber="C3281328765633">
			<imageWidth>4000</imageWidth>
			<imageHeight>3000</imageHeight>
			<pixelSize>1.75</pixelSize>
			<principalPointXmm>3.5</principalPointXmm>
			<principalPointYmm>2.625</principalPointYmm>
			<lensType>fisheye</lensType>
			<npoly>4</npoly>
			<poly0>0</poly0>
			<poly1>1</poly1>
			<poly2>0</poly2>
			<poly3>0</poly3>
			<poly4>0</poly4>
			<p0zero>true</p0zero>
			<symmetricAffine>false</symmetricAffine>
			<c>4000</c>
			<d>0</d>
			<e>0</e>
			<f>4000</f>
			<cameraModelSource>user</cameraModelSource>
			<bandConfig>
				<band name="Red" centralWaveLength="660" width="0" weight="0.2126"/>
				<band name="Green" centralWaveLength="550" width="0" weight="0.7152"/>
				<band name="Blue" centralWaveLength="470" width="0" weight="0.0722"/>
			</bandConfig>
		</camera>
		<camera name="DMC-FZ1000_18.2_5472x3648">
			<imageWidth>5472</imageWidth>
			<imageHeight>3648</imageHeight>
			<pixelSize>2.324379</pixelSize>
			<principalPointXmm>6.3595</principalPointXmm>
			<principalPointYmm>4.239667</principalPointYmm>
			<lensType>perspective</lensType>
			<focalLengthmm>18.1700001</focalLengthmm>
			<distortion>5</distortion>
			<radialK1>0</radialK1>
			<radialK2>0</radialK2>
			<radialK3>0</radialK3>
			<tangentialT1>0</tangentialT1>
			<tangentialT2>0</tangentialT2>
			<cameraModelSource>exif</cameraModelSource>
			<bandConfig>
				<band name="Red" centralWaveLength="660" width="0" weight="0.2126"/>
				<band name="Green" centralWaveLength="550" width="0" weight="0.7152"/>
				<band name="Blue" centralWaveLength="470" width="0" weight="0.0722"/>
			</bandConfig>
		</camera>
		<camera name="DMC-FZ1000_32.7_5472x3648">
			<imageWidth>5472</imageWidth>
			<imageHeight>3648</imageHeight>
			<pixelSize>2.320399</pixelSize>
			<principalPointXmm>6.348611</principalPointXmm>
			<principalPointYmm>4.232408</principalPointYmm>
			<lensType>perspective</lensType>
			<focalLengthmm>32.6500015</focalLengthmm>
			<distortion>5</distortion>
			<radialK1>0</radialK1>
			<radialK2>0</radialK2>
			<radialK3>0</radialK3>
			<tangentialT1>0</tangentialT1>
			<tangentialT2>0</tangentialT2>
			<cameraModelSource>exif</cameraModelSource>
			<bandConfig>
				<band name="Red" centralWaveLength="660" width="0" weight="0.2126"/>
				<band name="Green" centralWaveLength="550" width="0" weight="0.7152"/>
				<band name="Blue" centralWaveLength="470" width="0" weight="0.0722"/>
			</bandConfig>
		</camera>
		<camera name="DSC-RX100M4_8.8_5472x3648">
			<imageWidth>5472</imageWidth>
			<imageHeight>3648</imageHeight>
			<pixelSize>2.345273</pixelSize>
			<principalPointXmm>6.416667</principalPointXmm>
			<principalPointYmm>4.277778</principalPointYmm>
			<lensType>perspective</lensType>
			<focalLengthmm>8.8000002</focalLengthmm>
			<distortion>5</distortion>
			<radialK1>0</radialK1>
			<radialK2>0</radialK2>
			<radialK3>0</radialK3>
			<tangentialT1>0</tangentialT1>
			<tangentialT2>0</tangentialT2>
			<cameraModelSource>exif</cameraModelSource>
			<bandConfig>
				<band name="Red" centralWaveLength="660" width="0" weight="0.2126"/>
				<band name="Green" centralWaveLength="550" width="0" weight="0.7152"/>
				<band name="Blue" centralWaveLength="470" width="0" weight="0.0722"/>
			</bandConfig>
		</camera>
		<camera name="FC7303_4.5_4000x3000">
			<imageWidth>4000</imageWidth>
			<imageHeight>3000</imageHeight>
			<pixelSize>1.636979</pixelSize>
			<principalPointXmm>3.273958</principalPointXmm>
			<principalPointYmm>2.455469</principalPointYmm>
			<lensType>perspective</lensType>
			<focalLengthmm>4.4899998</focalLengthmm>
			<distortion>5</distortion>
			<radialK1>0</radialK1>
			<radialK2>0</radialK2>
			<radialK3>0</radialK3>
			<tangentialT1>0</tangentialT1>
			<tangentialT2>0</tangentialT2>
			<cameraModelSource>exif</cameraModelSource>
			<bandConfig>
				<band name="Red" centralWaveLength="660" width="0" weight="0.2126"/>
				<band name="Green" centralWaveLength="550" width="0" weight="0.7152"/>
				<band name="Blue" centralWaveLength="470" width="0" weight="0.0722"/>
			</bandConfig>
		</camera>
		<camera name="GoPro7HeroBlack_Video_3840x2160">
			<imageWidth>3840</imageWidth>
			<imageHeight>2160</imageHeight>
			<pixelSize>1.55</pixelSize>
			<principalPointXmm>2.993252</principalPointXmm>
			<principalPointYmm>1.675504</principalPointYmm>
			<lensType>fisheye</lensType>
			<npoly>4</npoly>
			<poly0>0</poly0>
			<poly1>1</poly1>
			<poly2>-0.270044</poly2>
			<poly3>1.07483</poly3>
			<poly4>-0.951597</poly4>
			<p0zero>true</p0zero>
			<symmetricAffine>false</symmetricAffine>
			<c>2814.62</c>
			<d>-5.27793</d>
			<e>-4.31526</e>
			<f>2775.3</f>
			<cameraModelSource>user</cameraModelSource>
			<bandConfig>
				<band name="Red" centralWaveLength="660" width="0" weight="0.2126"/>
				<band name="Green" centralWaveLength="550" width="0" weight="0.7152"/>
				<band name="Blue" centralWaveLength="470" width="0" weight="0.0722"/>
			</bandConfig>
		</camera>
		<camera name="HERO5Black_3.0_4000x3000" serialNumber="C3281328765633">
			<imageWidth>4000</imageWidth>
			<imageHeight>3000</imageHeight>
			<pixelSize>1.75</pixelSize>
			<principalPointXmm>3.5</principalPointXmm>
			<principalPointYmm>2.625</principalPointYmm>
			<lensType>fisheye</lensType>
			<npoly>4</npoly>
			<poly0>0</poly0>
			<poly1>1</poly1>
			<poly2>-0.0392846</poly2>
			<poly3>0.217187</poly3>
			<poly4>-0.0416146</poly4>
			<p0zero>true</p0zero>
			<symmetricAffine>false</symmetricAffine>
			<c>2774.87</c>
			<d>-1.33107</d>
			<e>1.68135</e>
			<f>2773.24</f>
			<cameraModelSource>edited</cameraModelSource>
			<bandConfig>
				<band name="Red" centralWaveLength="660" width="0" weight="0.2126"/>
				<band name="Green" centralWaveLength="550" width="0" weight="0.7152"/>
				<band name="Blue" centralWaveLength="470" width="0" weight="0.0722"/>
			</bandConfig>
		</camera>
		<camera name="HERO7Black_3.0_4000x3000">
			<imageWidth>4000</imageWidth>
			<imageHeight>3000</imageHeight>
			<pixelSize>1.75</pixelSize>
			<principalPointXmm>3.5</principalPointXmm>
			<principalPointYmm>2.625</principalPointYmm>
			<lensType>perspective</lensType>
			<focalLengthmm>3</focalLengthmm>
			<distortion>5</distortion>
			<radialK1>0</radialK1>
			<radialK2>0</radialK2>
			<radialK3>0</radialK3>
			<tangentialT1>0</tangentialT1>
			<tangentialT2>0</tangentialT2>
			<cameraModelSource>exif</cameraModelSource>
			<bandConfig>
				<band name="Red" centralWaveLength="660" width="0" weight="0.2126"/>
				<band name="Green" centralWaveLength="550" width="0" weight="0.7152"/>
				<band name="Blue" centralWaveLength="470" width="0" weight="0.0722"/>
			</bandConfig>
		</camera>
		<camera name="HERO7Black_3.0_4000x3000-PAT" serialNumber="C3281328765633">
			<imageWidth>4000</imageWidth>
			<imageHeight>3000</imageHeight>
			<pixelSize>1.75</pixelSize>
			<principalPointXmm>3.5</principalPointXmm>
			<principalPointYmm>2.625</principalPointYmm>
			<lensType>fisheye</lensType>
			<npoly>4</npoly>
			<poly0>0</poly0>
			<poly1>1</poly1>
			<poly2>0</poly2>
			<poly3>0</poly3>
			<poly4>0</poly4>
			<p0zero>true</p0zero>
			<symmetricAffine>false</symmetricAffine>
			<c>4000</c>
			<d>0</d>
			<e>0</e>
			<f>4000</f>
			<cameraModelSource>user</cameraModelSource>
			<bandConfig>
				<band name="Red" centralWaveLength="660" width="0" weight="0.2126"/>
				<band name="Green" centralWaveLength="550" width="0" weight="0.7152"/>
				<band name="Blue" centralWaveLength="470" width="0" weight="0.0722"/>
			</bandConfig>
		</camera>
		<camera name="HERO7Black_3.0_4000x3000_17122020" serialNumber="C3281328765633">
			<imageWidth>4000</imageWidth>
			<imageHeight>3000</imageHeight>
			<pixelSize>1.75</pixelSize>
			<principalPointXmm>3.5</principalPointXmm>
			<principalPointYmm>2.625</principalPointYmm>
			<lensType>fisheye</lensType>
			<npoly>4</npoly>
			<poly0>0</poly0>
			<poly1>1</poly1>
			<poly2>-0.0432706</poly2>
			<poly3>0.22539</poly3>
			<poly4>-0.046952</poly4>
			<p0zero>true</p0zero>
			<symmetricAffine>false</symmetricAffine>
			<c>2776.07</c>
			<d>-2.0808</d>
			<e>1.78049</e>
			<f>2774.33</f>
			<cameraModelSource>user</cameraModelSource>
			<bandConfig>
				<band name="Red" centralWaveLength="660" width="0" weight="0.2126"/>
				<band name="Green" centralWaveLength="550" width="0" weight="0.7152"/>
				<band name="Blue" centralWaveLength="470" width="0" weight="0.0722"/>
			</bandConfig>
		</camera>
		<camera name="Insta360OneR_0.0_5312x2988_Fisheye_14102021">
			<imageWidth>5312</imageWidth>
			<imageHeight>2988</imageHeight>
			<pixelSize>2.96517</pixelSize>
			<principalPointXmm>7.731799</principalPointXmm>
			<principalPointYmm>4.839928</principalPointYmm>
			<lensType>fisheye</lensType>
			<npoly>4</npoly>
			<poly0>0</poly0>
			<poly1>1</poly1>
			<poly2>0</poly2>
			<poly3>0</poly3>
			<poly4>0</poly4>
			<p0zero>true</p0zero>
			<symmetricAffine>false</symmetricAffine>
			<c>2988</c>
			<d>0</d>
			<e>0</e>
			<f>2988</f>
			<cameraModelSource>user</cameraModelSource>
			<bandConfig>
				<band name="Red" centralWaveLength="660" width="0" weight="0.2126"/>
				<band name="Green" centralWaveLength="550" width="0" weight="0.7152"/>
				<band name="Blue" centralWaveLength="470" width="0" weight="0.0722"/>
			</bandConfig>
		</camera>
		<camera name="Insta360OneR_1.0_5312x2988_Fisheye_14102021">
			<imageWidth>5312</imageWidth>
			<imageHeight>2988</imageHeight>
			<pixelSize>2.96517</pixelSize>
			<principalPointXmm>7.645572</principalPointXmm>
			<principalPointYmm>4.853094</principalPointYmm>
			<lensType>fisheye</lensType>
			<npoly>4</npoly>
			<poly0>0</poly0>
			<poly1>1</poly1>
			<poly2>0.000587543</poly2>
			<poly3>-0.0266654</poly3>
			<poly4>0.0192259</poly4>
			<p0zero>true</p0zero>
			<symmetricAffine>false</symmetricAffine>
			<c>2997.88</c>
			<d>-40.0723</d>
			<e>13.1123</e>
			<f>2988.37</f>
			<cameraModelSource>user</cameraModelSource>
			<bandConfig>
				<band name="Red" centralWaveLength="660" width="0" weight="0.2126"/>
				<band name="Green" centralWaveLength="550" width="0" weight="0.7152"/>
				<band name="Blue" centralWaveLength="470" width="0" weight="0.0722"/>
			</bandConfig>
		</camera>
		<camera name="Insta360OneR_5.3_5312x3552">
			<imageWidth>5312</imageWidth>
			<imageHeight>3552</imageHeight>
			<pixelSize>2.494352</pixelSize>
			<principalPointXmm>6.625</principalPointXmm>
			<principalPointYmm>4.42997</principalPointYmm>
			<lensType>perspective</lensType>
			<focalLengthmm>5.3000002</focalLengthmm>
			<distortion>5</distortion>
			<radialK1>0</radialK1>
			<radialK2>0</radialK2>
			<radialK3>0</radialK3>
			<tangentialT1>0</tangentialT1>
			<tangentialT2>0</tangentialT2>
			<cameraModelSource>exif</cameraModelSource>
			<bandConfig>
				<band name="Red" centralWaveLength="660" width="0" weight="0.2126"/>
				<band name="Green" centralWaveLength="550" width="0" weight="0.7152"/>
				<band name="Blue" centralWaveLength="470" width="0" weight="0.0722"/>
			</bandConfig>
		</camera>
		<camera name="Insta360OneR_5.3_5312x3552_Fisheye_05102021">
			<imageWidth>5312</imageWidth>
			<imageHeight>3552</imageHeight>
			<pixelSize>2.49435</pixelSize>
			<principalPointXmm>6.840755</principalPointXmm>
			<principalPointYmm>4.562939</principalPointYmm>
			<lensType>fisheye</lensType>
			<npoly>4</npoly>
			<poly0>0</poly0>
			<poly1>1</poly1>
			<poly2>0.00209359</poly2>
			<poly3>0.118302</poly3>
			<poly4>0.00834175</poly4>
			<p0zero>true</p0zero>
			<symmetricAffine>false</symmetricAffine>
			<c>3599.17</c>
			<d>-34.7384</d>
			<e>34.778</e>
			<f>3599.73</f>
			<cameraModelSource>user</cameraModelSource>
			<bandConfig>
				<band name="Red" centralWaveLength="660" width="0" weight="0.2126"/>
				<band name="Green" centralWaveLength="550" width="0" weight="0.7152"/>
				<band name="Blue" centralWaveLength="470" width="0" weight="0.0722"/>
			</bandConfig>
		</camera>
		<camera name="Insta360_Video_5K_16_9_30FPS_5312x2988">
			<imageWidth>5312</imageWidth>
			<imageHeight>2988</imageHeight>
			<pixelSize>2.49435</pixelSize>
			<principalPointXmm>6.504117</principalPointXmm>
			<principalPointYmm>4.071428</principalPointYmm>
			<lensType>fisheye</lensType>
			<npoly>4</npoly>
			<poly0>0</poly0>
			<poly1>1</poly1>
			<poly2>0.205484</poly2>
			<poly3>-0.45907</poly3>
			<poly4>0.500579</poly4>
			<p0zero>true</p0zero>
			<symmetricAffine>false</symmetricAffine>
			<c>4313.67</c>
			<d>-33.6766</d>
			<e>38.0296</e>
			<f>4760.74</f>
			<cameraModelSource>user</cameraModelSource>
			<bandConfig>
				<band name="Red" centralWaveLength="660" width="0" weight="0.2126"/>
				<band name="Green" centralWaveLength="550" width="0" weight="0.7152"/>
				<band name="Blue" centralWaveLength="470" width="0" weight="0.0722"/>
			</bandConfig>
		</camera>
		<camera name="L1D-20c_10.3_3000x2000">
			<imageWidth>3000</imageWidth>
			<imageHeight>2000</imageHeight>
			<pixelSize>4.275</pixelSize>
			<principalPointXmm>6.4125</principalPointXmm>
			<principalPointYmm>4.275</principalPointYmm>
			<lensType>perspective</lensType>
			<focalLengthmm>10.2600002</focalLengthmm>
			<distortion>5</distortion>
			<radialK1>0</radialK1>
			<radialK2>0</radialK2>
			<radialK3>0</radialK3>
			<tangentialT1>0</tangentialT1>
			<tangentialT2>0</tangentialT2>
			<cameraModelSource>exif</cameraModelSource>
			<bandConfig>
				<band name="Red" centralWaveLength="660" width="0" weight="0.2126"/>
				<band name="Green" centralWaveLength="550" width="0" weight="0.7152"/>
				<band name="Blue" centralWaveLength="470" width="0" weight="0.0722"/>
			</bandConfig>
		</camera>
		<camera name="L1D-20c_10.3_5472x3648 (DJI MAVIC 2 PRO Optimized)" serialNumber="0K8TH3K0120665">
			<shutterModel>2</shutterModel>
			<imageWidth>5472</imageWidth>
			<imageHeight>3648</imageHeight>
			<pixelSize>2.34375</pixelSize>
			<principalPointXmm>6.475383</principalPointXmm>
			<principalPointYmm>4.180172</principalPointYmm>
			<lensType>perspective</lensType>
			<focalLengthmm>10.1867109</focalLengthmm>
			<distortion>5</distortion>
			<radialK1>-0.000800917</radialK1>
			<radialK2>0.0351063</radialK2>
			<radialK3>-0.0437898</radialK3>
			<tangentialT1>-0.00319094</tangentialT1>
			<tangentialT2>0.0015311</tangentialT2>
			<cameraModelSource>user</cameraModelSource>
			<bandConfig>
				<band name="Red" centralWaveLength="660" width="0" weight="0.2126"/>
				<band name="Green" centralWaveLength="550" width="0" weight="0.7152"/>
				<band name="Blue" centralWaveLength="470" width="0" weight="0.0722"/>
			</bandConfig>
		</camera>
		<camera name="L1D-20c_10.3_5472x3648 (DJI MAVIC 2 PRO Optimized)" serialNumber="0K8TH180125031">
			<shutterModel>2</shutterModel>
			<imageWidth>5472</imageWidth>
			<imageHeight>3648</imageHeight>
			<pixelSize>2.34375</pixelSize>
			<principalPointXmm>6.385945</principalPointXmm>
			<principalPointYmm>4.252594</principalPointYmm>
			<lensType>perspective</lensType>
			<focalLengthmm>10.2056016</focalLengthmm>
			<distortion>5</distortion>
			<radialK1>0.00705276</radialK1>
			<radialK2>0.0121183</radialK2>
			<radialK3>-0.0121444</radialK3>
			<tangentialT1>0.000059618</tangentialT1>
			<tangentialT2>-0.0005936</tangentialT2>
			<cameraModelSource>user</cameraModelSource>
			<bandConfig>
				<band name="Red" centralWaveLength="660" width="0" weight="0.2126"/>
				<band name="Green" centralWaveLength="550" width="0" weight="0.7152"/>
				<band name="Blue" centralWaveLength="470" width="0" weight="0.0722"/>
			</bandConfig>
		</camera>
		<camera name="PAT MANUAL">
			<imageWidth>1920</imageWidth>
			<imageHeight>1440</imageHeight>
			<pixelSize>3.64583</pixelSize>
			<principalPointXmm>3.749299</principalPointXmm>
			<principalPointYmm>2.593764</principalPointYmm>
			<lensType>fisheye</lensType>
			<npoly>4</npoly>
			<poly0>0</poly0>
			<poly1>1</poly1>
			<poly2>-0.0959857</poly2>
			<poly3>0.39851</poly3>
			<poly4>-0.242541</poly4>
			<p0zero>true</p0zero>
			<symmetricAffine>false</symmetricAffine>
			<c>2748.71</c>
			<d>2.03434</d>
			<e>2.03471</e>
			<f>2758.58</f>
			<cameraModelSource>user</cameraModelSource>
			<bandConfig>
				<band name="Red" centralWaveLength="660" width="0" weight="0.2126"/>
				<band name="Green" centralWaveLength="550" width="0" weight="0.7152"/>
				<band name="Blue" centralWaveLength="470" width="0" weight="0.0722"/>
			</bandConfig>
		</camera>
		<camera name="PIX4Dcatch.HUAWEIVOG-L29_3.9_2048x1536">
			<imageWidth>2048</imageWidth>
			<imageHeight>1536</imageHeight>
			<pixelSize>2.441406</pixelSize>
			<principalPointXmm>2.482409</principalPointXmm>
			<principalPointYmm>1.870933</principalPointYmm>
			<lensType>perspective</lensType>
			<focalLengthmm>3.8666611</focalLengthmm>
			<distortion>5</distortion>
			<radialK1>0.000001</radialK1>
			<radialK2>0</radialK2>
			<radialK3>0</radialK3>
			<tangentialT1>0</tangentialT1>
			<tangentialT2>0</tangentialT2>
			<cameraModelSource>user</cameraModelSource>
			<bandConfig>
				<band name="Red" centralWaveLength="660" width="0" weight="0.2126"/>
				<band name="Green" centralWaveLength="550" width="0" weight="0.7152"/>
				<band name="Blue" centralWaveLength="470" width="0" weight="0.0722"/>
			</bandConfig>
		</camera>
		<camera name="PIX4Dcatch.RP1A.200720.012_3.7_1920x1080">
			<imageWidth>1920</imageWidth>
			<imageHeight>1080</imageHeight>
			<pixelSize>2.604167</pixelSize>
			<principalPointXmm>2.509781</principalPointXmm>
			<principalPointYmm>1.44343</principalPointYmm>
			<lensType>perspective</lensType>
			<focalLengthmm>3.7078812</focalLengthmm>
			<distortion>5</distortion>
			<radialK1>0.000001</radialK1>
			<radialK2>0</radialK2>
			<radialK3>0</radialK3>
			<tangentialT1>0</tangentialT1>
			<tangentialT2>0</tangentialT2>
			<cameraModelSource>user</cameraModelSource>
			<bandConfig>
				<band name="Red" centralWaveLength="660" width="0" weight="0.2126"/>
				<band name="Green" centralWaveLength="550" width="0" weight="0.7152"/>
				<band name="Blue" centralWaveLength="470" width="0" weight="0.0722"/>
			</bandConfig>
		</camera>
		<camera name="RICOHTHETAZ1_2.6_6720x3360">
			<imageWidth>6720</imageWidth>
			<imageHeight>3360</imageHeight>
			<pixelSize>3.77976</pixelSize>
			<principalPointXmm>12.699994</principalPointXmm>
			<principalPointYmm>6.349997</principalPointYmm>
			<lensType>spherical</lensType>
			<cameraModelSource>exif</cameraModelSource>
			<bandConfig>
				<band name="Red" centralWaveLength="660" width="0" weight="0.2126"/>
				<band name="Green" centralWaveLength="550" width="0" weight="0.7152"/>
				<band name="Blue" centralWaveLength="470" width="0" weight="0.0722"/>
			</bandConfig>
		</camera>
		<camera name="RICOHTHETAZ1_2.6_6720x3360_Fisheye">
			<imageWidth>6720</imageWidth>
			<imageHeight>3360</imageHeight>
			<pixelSize>1.96429</pixelSize>
			<principalPointXmm>6.600014</principalPointXmm>
			<principalPointYmm>3.300007</principalPointYmm>
			<lensType>fisheye</lensType>
			<npoly>4</npoly>
			<poly0>0</poly0>
			<poly1>1</poly1>
			<poly2>0</poly2>
			<poly3>0</poly3>
			<poly4>0</poly4>
			<p0zero>true</p0zero>
			<symmetricAffine>true</symmetricAffine>
			<c>6720</c>
			<d>0</d>
			<e>0</e>
			<f>6720</f>
			<cameraModelSource>user</cameraModelSource>
			<bandConfig>
				<band name="Red" centralWaveLength="660" width="0" weight="0.2126"/>
				<band name="Green" centralWaveLength="550" width="0" weight="0.7152"/>
				<band name="Blue" centralWaveLength="470" width="0" weight="0.0722"/>
			</bandConfig>
		</camera>
		<camera name="RICOHTHETAZ1_2.6_6720x3360_Optimized">
			<imageWidth>6720</imageWidth>
			<imageHeight>3360</imageHeight>
			<pixelSize>3.77976</pixelSize>
			<principalPointXmm>12.699994</principalPointXmm>
			<principalPointYmm>6.349997</principalPointYmm>
			<lensType>spherical</lensType>
			<cameraModelSource>exif</cameraModelSource>
			<bandConfig>
				<band name="Red" centralWaveLength="660" width="0" weight="0.2126"/>
				<band name="Green" centralWaveLength="550" width="0" weight="0.7152"/>
				<band name="Blue" centralWaveLength="470" width="0" weight="0.0722"/>
			</bandConfig>
		</camera>
		<camera name="VOG-L29_2.3_5120x3840">
			<imageWidth>5120</imageWidth>
			<imageHeight>3840</imageHeight>
			<pixelSize>1.004028</pixelSize>
			<principalPointXmm>2.570312</principalPointXmm>
			<principalPointYmm>1.927734</principalPointYmm>
			<lensType>perspective</lensType>
			<focalLengthmm>2.3499999</focalLengthmm>
			<distortion>5</distortion>
			<radialK1>0</radialK1>
			<radialK2>0</radialK2>
			<radialK3>0</radialK3>
			<tangentialT1>0</tangentialT1>
			<tangentialT2>0</tangentialT2>
			<cameraModelSource>exif</cameraModelSource>
			<bandConfig>
				<band name="Red" centralWaveLength="660" width="0" weight="0.2126"/>
				<band name="Green" centralWaveLength="550" width="0" weight="0.7152"/>
				<band name="Blue" centralWaveLength="470" width="0" weight="0.0722"/>
			</bandConfig>
		</camera>
		<camera name="VOG-L29_5.6_3648x2736">
			<imageWidth>3648</imageWidth>
			<imageHeight>2736</imageHeight>
			<pixelSize>1.975715</pixelSize>
			<principalPointXmm>3.603704</principalPointXmm>
			<principalPointYmm>2.702778</principalPointYmm>
			<lensType>perspective</lensType>
			<focalLengthmm>5.5599999</focalLengthmm>
			<distortion>5</distortion>
			<radialK1>0</radialK1>
			<radialK2>0</radialK2>
			<radialK3>0</radialK3>
			<tangentialT1>0</tangentialT1>
			<tangentialT2>0</tangentialT2>
			<cameraModelSource>exif</cameraModelSource>
			<bandConfig>
				<band name="Red" centralWaveLength="660" width="0" weight="0.2126"/>
				<band name="Green" centralWaveLength="550" width="0" weight="0.7152"/>
				<band name="Blue" centralWaveLength="470" width="0" weight="0.0722"/>
			</bandConfig>
		</camera>
		<camera name="_0.0_1920x1080">
			<imageWidth>1920</imageWidth>
			<imageHeight>1080</imageHeight>
			<pixelSize>13.229167</pixelSize>
			<principalPointXmm>12.7</principalPointXmm>
			<principalPointYmm>7.14375</principalPointYmm>
			<lensType>perspective</lensType>
			<focalLengthmm>20</focalLengthmm>
			<distortion>5</distortion>
			<radialK1>0</radialK1>
			<radialK2>0</radialK2>
			<radialK3>0</radialK3>
			<tangentialT1>0</tangentialT1>
			<tangentialT2>0</tangentialT2>
			<cameraModelSource>exif</cameraModelSource>
			<bandConfig>
				<band name="Red" centralWaveLength="660" width="0" weight="0.2126"/>
				<band name="Green" centralWaveLength="550" width="0" weight="0.7152"/>
				<band name="Blue" centralWaveLength="470" width="0" weight="0.0722"/>
			</bandConfig>
		</camera>
		<camera name="_0.0_1920x1440">
			<imageWidth>1920</imageWidth>
			<imageHeight>1440</imageHeight>
			<pixelSize>13.229167</pixelSize>
			<principalPointXmm>12.7</principalPointXmm>
			<principalPointYmm>9.525</principalPointYmm>
			<lensType>perspective</lensType>
			<focalLengthmm>20</focalLengthmm>
			<distortion>5</distortion>
			<radialK1>0</radialK1>
			<radialK2>0</radialK2>
			<radialK3>0</radialK3>
			<tangentialT1>0</tangentialT1>
			<tangentialT2>0</tangentialT2>
			<cameraModelSource>exif</cameraModelSource>
			<bandConfig>
				<band name="Red" centralWaveLength="660" width="0" weight="0.2126"/>
				<band name="Green" centralWaveLength="550" width="0" weight="0.7152"/>
				<band name="Blue" centralWaveLength="470" width="0" weight="0.0722"/>
			</bandConfig>
		</camera>
		<camera name="_0.0_2000x1536">
			<imageWidth>2000</imageWidth>
			<imageHeight>1536</imageHeight>
			<pixelSize>12.7</pixelSize>
			<principalPointXmm>12.7</principalPointXmm>
			<principalPointYmm>9.7536</principalPointYmm>
			<lensType>perspective</lensType>
			<focalLengthmm>20</focalLengthmm>
			<distortion>5</distortion>
			<radialK1>0</radialK1>
			<radialK2>0</radialK2>
			<radialK3>0</radialK3>
			<tangentialT1>0</tangentialT1>
			<tangentialT2>0</tangentialT2>
			<cameraModelSource>exif</cameraModelSource>
			<bandConfig>
				<band name="Red" centralWaveLength="660" width="0" weight="0.2126"/>
				<band name="Green" centralWaveLength="550" width="0" weight="0.7152"/>
				<band name="Blue" centralWaveLength="470" width="0" weight="0.0722"/>
			</bandConfig>
		</camera>
		<camera name="_0.0_3840x2160">
			<imageWidth>3840</imageWidth>
			<imageHeight>2160</imageHeight>
			<pixelSize>6.614583</pixelSize>
			<principalPointXmm>12.7</principalPointXmm>
			<principalPointYmm>7.14375</principalPointYmm>
			<lensType>perspective</lensType>
			<focalLengthmm>20</focalLengthmm>
			<distortion>5</distortion>
			<radialK1>0</radialK1>
			<radialK2>0</radialK2>
			<radialK3>0</radialK3>
			<tangentialT1>0</tangentialT1>
			<tangentialT2>0</tangentialT2>
			<cameraModelSource>exif</cameraModelSource>
			<bandConfig>
				<band name="Red" centralWaveLength="660" width="0" weight="0.2126"/>
				<band name="Green" centralWaveLength="550" width="0" weight="0.7152"/>
				<band name="Blue" centralWaveLength="470" width="0" weight="0.0722"/>
			</bandConfig>
		</camera>
		<camera name="_0.0_4000x3000">
			<imageWidth>4000</imageWidth>
			<imageHeight>3000</imageHeight>
			<pixelSize>6.35</pixelSize>
			<principalPointXmm>12.7</principalPointXmm>
			<principalPointYmm>9.525</principalPointYmm>
			<lensType>perspective</lensType>
			<focalLengthmm>20</focalLengthmm>
			<distortion>5</distortion>
			<radialK1>0</radialK1>
			<radialK2>0</radialK2>
			<radialK3>0</radialK3>
			<tangentialT1>0</tangentialT1>
			<tangentialT2>0</tangentialT2>
			<cameraModelSource>exif</cameraModelSource>
			<bandConfig>
				<band name="Red" centralWaveLength="660" width="0" weight="0.2126"/>
				<band name="Green" centralWaveLength="550" width="0" weight="0.7152"/>
				<band name="Blue" centralWaveLength="470" width="0" weight="0.0722"/>
			</bandConfig>
		</camera>
	</cameras>
	<mappings>
		<mapping exif="CanonEOS750D_EF-S18-55mmf/3.5-5.6ISII_18.0_3984x2656" camera="CanonEOS750D_EF-S18-55mmf/3.5-5.6ISII_18.0_3984x2656 Optimized"/>
		<mapping exif="CanonEOS750D_EF-S18-55mmf/3.5-5.6ISII_18.0_6000x4000" camera="CanonEOS750D_EF-S18-55mmf/3.5-5.6ISII_18.0_6000x4000_Optimized"/>
		<mapping exif="CanonEOS750D_EF-S18-55mmf/3.5-5.6ISII_20.0_3984x2656" camera="CanonEOS750D_EF-S18-55mmf/3.5-5.6ISII_18.0_3984x2656 Optimized"/>
		<mapping exif="HERO7Black_3.0_4000x3000" camera="HERO7Black_3.0_4000x3000_17122020"/>
		<mapping exif="Insta360OneR_5.3_5312x3552" camera="Insta360OneR_5.3_5312x3552_Fisheye_05102021"/>
		<mapping exif="L1D-20c_10.3_5472x3648" camera="L1D-20c_10.3_5472x3648 (DJI MAVIC 2 PRO Optimized)"/>
		<mapping exif="RICOHTHETAZ1_2.6_6720x3360" camera="RICOHTHETAZ1_2.6_6720x3360_Optimized"/>
		<mapping exif="_0.0_1920x1440" camera="PAT MANUAL"/>
		<mapping exif="_0.0_3840x2160" camera="GoPro7HeroBlack_Video_3840x2160"/>
		<mapping exif="_0.0_4000x3000" camera="HERO7Black_3.0_4000x3000_17122020"/>
		<mapping exif="_0.0_5312x2988" camera="Insta360_Video_5K_16_9_30FPS_5312x2988"/>
	</mappings>
</cameraModelDB>